東京スカイツリー,1288,1288,4569,名詞,固有名詞,一般,*,*,*,東京スカイツリー,トウキョウスカイツリー,トウキョウスカイツリー
わかばシューター,1288,1288,4143,名詞,固有名詞,一般,*,*,*,わかばシューター,ワカバシューター,ワカバシューター
ヒーローシューターレプリカ,1288,1288,4143,名詞,固有名詞,一般,*,*,*,ヒーローシューターレプリカ,ヒーローシューターレプリカ,ヒーローシューターレプリカ
スプラシューター,1288,1288,4143,名詞,固有名詞,一般,*,*,*,スプラシューター,スプラシューター,スプラシューター
プロモデラーMG,1288,1288,4143,名詞,固有名詞,一般,*,*,*,プロモデラーMG,プロモデラーエムジー,プロモデラーエムジー
N-ZAP85,1288,1288,4143,名詞,固有名詞,一般,*,*,*,N-ZAP85,エヌザップハチジュウゴ,エヌザップハチジュウゴ
プライムシューター,1288,1288,4143,名詞,固有名詞,一般,*,*,*,プライムシューター,プライムシューター,プライムシューター
ボールドマーカー,1288,1288,4143,名詞,固有名詞,一般,*,*,*,ボールドマーカー,ボールドマーカー,ボールドマーカー
.52ガロン,1288,1288,4143,名詞,固有名詞,一般,*,*,*,.52ガロン,ゴーニーガロン,ゴーニーガロン
L3リールガン,1288,1288,4143,名詞,固有名詞,一般,*,*,*,L3リールガン,エルサンリールガン,エルサンリールガン
ジェットスイーパー,1288,1288,4143,名詞,固有名詞,一般,*,*,*,ジェットスイーパー,ジェットスイーパー,ジェットスイーパー
シャープマーカー,1288,1288,4143,名詞,固有名詞,一般,*,*,*,シャープマーカー,シャープマーカー,シャープマーカー
.96ガロン,1288,1288,4143,名詞,固有名詞,一般,*,*,*,.96ガロン,キュウロクガロン,キュウロクガロン
ボトルガイザー,1288,1288,4143,名詞,固有名詞,一般,*,*,*,ボトルガイザー,ボトルガイザー,ボトルガイザー
H3リールガン,1288,1288,4143,名詞,固有名詞,一般,*,*,*,H3リールガン,エイチスリーリールガン,エイチスリーリールガン
スプラチャージャー,1288,1288,4143,名詞,固有名詞,一般,*,*,*,スプラチャージャー,スプラチャージャー,スプラチャージャー
スクイックリンα,1288,1288,4143,名詞,固有名詞,一般,*,*,*,スクイックリンα,スクイックリンアルファ,スクイックリンアルファ
スプラスコープ,1288,1288,4143,名詞,固有名詞,一般,*,*,*,スプラスコープ,スプラスコープ,スプラスコープ
リッター4K,1288,1288,4143,名詞,固有名詞,一般,*,*,*,リッター4K,リッターヨンケー,リッターヨンケー
14式竹筒銃・甲,1288,1288,4143,名詞,固有名詞,一般,*,*,*,14式竹筒銃・甲,ジュウヨンシキタケツツジュウコウ,ジュウヨンシキタケツツジュウコウ
ソイチューバー,1288,1288,4143,名詞,固有名詞,一般,*,*,*,ソイチューバー,ソイチューバー,ソイチューバー
4Kスコープ,1288,1288,4143,名詞,固有名詞,一般,*,*,*,4Kスコープ,ヨンケースコープ,ヨンケースコープ
ホットブラスター,1288,1288,4143,名詞,固有名詞,一般,*,*,*,ホットブラスター,ホットブラスター,ホットブラスター
ラピッドブラスター,1288,1288,4143,名詞,固有名詞,一般,*,*,*,ラピッドブラスター,ラピッドブラスター,ラピッドブラスター
ロングブラスター,1288,1288,4143,名詞,固有名詞,一般,*,*,*,ロングブラスター,ロングブラスター,ロングブラスター
ノヴァブラスター,1288,1288,4143,名詞,固有名詞,一般,*,*,*,ノヴァブラスター,ノヴァブラスター,ノヴァブラスター
クラッシュブラスター,1288,1288,4143,名詞,固有名詞,一般,*,*,*,クラッシュブラスター,クラッシュブラスター,クラッシュブラスター
Rブラスターエリート,1288,1288,4143,名詞,固有名詞,一般,*,*,*,Rブラスターエリート,アールブラスターエリート,アールブラスターエリート
スプラローラー,1288,1288,4143,名詞,固有名詞,一般,*,*,*,スプラローラー,スプラローラー,スプラローラー
カーボンローラー,1288,1288,4143,名詞,固有名詞,一般,*,*,*,カーボンローラー,カーボンローラー,カーボンローラー
ダイナモローラー,1288,1288,4143,名詞,固有名詞,一般,*,*,*,ダイナモローラー,ダイナモローラー,ダイナモローラー
ヴァリアブルローラー,1288,1288,4143,名詞,固有名詞,一般,*,*,*,ヴァリアブルローラー,ヴァリアブルローラー,ヴァリアブルローラー
ホクサイ,1288,1288,4143,名詞,固有名詞,一般,*,*,*,ホクサイ,ホクサイ,ホクサイ
パブロ,1288,1288,4143,名詞,固有名詞,一般,*,*,*,パブロ,パブロ,パブロ
バケットスロッシャー,1288,1288,4143,名詞,固有名詞,一般,*,*,*,バケットスロッシャー,バケットスロッシャー,バケットスロッシャー
ヒッセン,1288,1288,4143,名詞,固有名詞,一般,*,*,*,ヒッセン,ヒッセン,ヒッセン
スクリュースロッシャー,1288,1288,4143,名詞,固有名詞,一般,*,*,*,スクリュースロッシャー,スクリュースロッシャー,スクリュースロッシャー
オーバーフロッシャー,1288,1288,4143,名詞,固有名詞,一般,*,*,*,オーバーフロッシャー,オーバーフロッシャー,オーバーフロッシャー
エクススロッシャー,1288,1288,4143,名詞,固有名詞,一般,*,*,*,エクススロッシャー,エクススロッシャー,エクススロッシャー
バレルスピナー,1288,1288,4143,名詞,固有名詞,一般,*,*,*,バレルスピナー,バレルスピナー,バレルスピナー
スプラスピナー,1288,1288,4143,名詞,固有名詞,一般,*,*,*,スプラスピナー,スプラスピナー,スプラスピナー
ハイドラント,1288,1288,4143,名詞,固有名詞,一般,*,*,*,ハイドラント,ハイドラント,ハイドラント
ノーチラス47,1288,1288,4143,名詞,固有名詞,一般,*,*,*,ノーチラス47,ノーチラスヨンジュウナナ,ノーチラスヨンジュウナナ
クーゲルシュライバー,1288,1288,4143,名詞,固有名詞,一般,*,*,*,クーゲルシュライバー,クーゲルシュライバー,クーゲルシュライバー
スプラマニューバー,1288,1288,4143,名詞,固有名詞,一般,*,*,*,スプラマニューバー,スプラマニューバー,スプラマニューバー
デュアルスイーパー,1288,1288,4143,名詞,固有名詞,一般,*,*,*,デュアルスイーパー,デュアルスイーパー,デュアルスイーパー
スパッタリー,1288,1288,4143,名詞,固有名詞,一般,*,*,*,スパッタリー,スパッタリー,スパッタリー
クアッドホッパーブラック,1288,1288,4143,名詞,固有名詞,一般,*,*,*,クアッドホッパーブラック,クアッドホッパーブラック,クアッドホッパーブラック
ケルビン525,1288,1288,4143,名詞,固有名詞,一般,*,*,*,ケルビン525,ケルビンゴーニーゴ,ケルビンゴーニーゴ
パラシェルター,1288,1288,4143,名詞,固有名詞,一般,*,*,*,パラシェルター,パラシェルター,パラシェルター
キャンピングシェルター,1288,1288,4143,名詞,固有名詞,一般,*,*,*,キャンピングシェルター,キャンピングシェルター,キャンピングシェルター
スパイガジェット,1288,1288,4143,名詞,固有名詞,一般,*,*,*,スパイガジェット,スパイガジェット,スパイガジェット
ドライブワイパー,1288,1288,4143,名詞,固有名詞,一般,*,*,*,ドライブワイパー,ドライブワイパー,ドライブワイパー
ジムワイパー,1288,1288,4143,名詞,固有名詞,一般,*,*,*,ジムワイパー,ジムワイパー,ジムワイパー
トライストリンガー,1288,1288,4143,名詞,固有名詞,一般,*,*,*,トライストリンガー,トライストリンガー,トライストリンガー
LACT-450,1288,1288,4143,名詞,固有名詞,一般,*,*,*,LACT-450,ラクトヨンヒャクゴジュウ,ラクトヨンヒャクゴジュウ
スペースシューター,1288,1288,4143,名詞,固有名詞,一般,*,*,*,スペースシューター,スペースシューター,スペースシューター
クイックボム,1288,1288,4143,名詞,固有名詞,一般,*,*,*,クイックボム,クイックボム,クイックボム
キューバンボム,1288,1288,4143,名詞,固有名詞,一般,*,*,*,キューバンボム,キューバンボム,キューバンボム
ラインマーカー,1288,1288,4143,名詞,固有名詞,一般,*,*,*,ラインマーカー,ラインマーカー,ラインマーカー
タンサンボム,1288,1288,4143,名詞,固有名詞,一般,*,*,*,タンサンボム,タンサンボム,タンサンボム
ポイントセンサー,1288,1288,4143,名詞,固有名詞,一般,*,*,*,ポイントセンサー,ポイントセンサー,ポイントセンサー
ポイズンミスト,1288,1288,4143,名詞,固有名詞,一般,*,*,*,ポイズンミスト,ポイズンミスト,ポイズンミスト
カーリングボム,1288,1288,4143,名詞,固有名詞,一般,*,*,*,カーリングボム,カーリングボム,カーリングボム
ロボットボム,1288,1288,4143,名詞,固有名詞,一般,*,*,*,ロボットボム,ロボットボム,ロボットボム
ジャンプビーコン,1288,1288,4143,名詞,固有名詞,一般,*,*,*,ジャンプビーコン,ジャンプビーコン,ジャンプビーコン
スプラッシュシールド,1288,1288,4143,名詞,固有名詞,一般,*,*,*,スプラッシュシールド,スプラッシュシールド,スプラッシュシールド
ウルトラショット,1288,1288,4143,名詞,固有名詞,一般,*,*,*,ウルトラショット,ウルトラショット,ウルトラショット
エナジースタンド,1288,1288,4143,名詞,固有名詞,一般,*,*,*,エナジースタンド,エナジースタンド,エナジースタンド
カニタンク,1288,1288,4143,名詞,固有名詞,一般,*,*,*,カニタンク,カニタンク,カニタンク
キューインキ,1288,1288,4143,名詞,固有名詞,一般,*,*,*,キューインキ,キューインキ,キューインキ
グレートバリア,1288,1288,4143,名詞,固有名詞,一般,*,*,*,グレートバリア,グレートバリア,グレートバリア
サメライド,1288,1288,4143,名詞,固有名詞,一般,*,*,*,サメライド,サメライド,サメライド
ショクワンダー,1288,1288,4143,名詞,固有名詞,一般,*,*,*,ショクワンダー,ショクワンダー,ショクワンダー
トリプルトルネード,1288,1288,4143,名詞,固有名詞,一般,*,*,*,トリプルトルネード,トリプルトルネード,トリプルトルネード
ホップソナー,1288,1288,4143,名詞,固有名詞,一般,*,*,*,ホップソナー,ホップソナー,ホップソナー
メガホンレーザー5.1ch,1288,1288,4143,名詞,固有名詞,一般,*,*,*,メガホンレーザー5.1ch,メガホンレーザーゴーテンイチチャンネル,メガホンレーザーゴーテンイチチャンネル
アメフラシ,1288,1288,4143,名詞,固有名詞,一般,*,*,*,アメフラシ,アメフラシ,アメフラシ
ウルトラハンコ,1288,1288,4143,名詞,固有名詞,一般,*,*,*,ウルトラハンコ,ウルトラハンコ,ウルトラハンコ
ジェットパック,1288,1288,4143,名詞,固有名詞,一般,*,*,*,ジェットパック,ジェットパック,ジェットパック
ナイスダマ,1288,1288,4143,名詞,固有名詞,一般,*,*,*,ナイスダマ,ナイスダマ,ナイスダマ
マルチミサイル,1288,1288,4143,名詞,固有名詞,一般,*,*,*,マルチミサイル,マルチミサイル,マルチミサイル
ブラスター,1288,1288,4143,名詞,固有名詞,一般,*,*,*,ブラスター,ブラスター,ブラスター